<?xml version="1.0" encoding="UTF-8"?>
<document type="com.apple.InterfaceBuilder3.CocoaTouch.Storyboard.XIB" version="3.0" toolsVersion="15505" targetRuntime="iOS.CocoaTouch" propertyAccessControl="none" useAutolayout="YES" useTraitCollections="YES" useSafeAreas="YES" colorMatched="YES" initialViewController="8WR-gD-YEf">
    <device id="retina4_7" orientation="portrait" appearance="light"/>
    <dependencies>
        <plugIn identifier="com.apple.InterfaceBuilder.IBCocoaTouchPlugin" version="15510"/>
        <capability name="Safe area layout guides" minToolsVersion="9.0"/>
        <capability name="documents saved in the Xcode 8 format" minToolsVersion="8.0"/>
    </dependencies>
    <scenes>
        <!--Custom Image Picker-->
        <scene sceneID="tne-QT-ifu">
            <objects>
                <viewController id="BYZ-38-t0r" customClass="CustomImagePicker" customModule="CameraProfile" customModuleProvider="target" sceneMemberID="viewController">
                    <view key="view" contentMode="scaleToFill" id="8bC-Xf-vdC">
                        <rect key="frame" x="0.0" y="0.0" width="375" height="647"/>
                        <autoresizingMask key="autoresizingMask" widthSizable="YES" heightSizable="YES"/>
                        <subviews>
                            <collectionView clipsSubviews="YES" multipleTouchEnabled="YES" contentMode="scaleToFill" fixedFrame="YES" dataMode="prototypes" translatesAutoresizingMaskIntoConstraints="NO" id="aeV-n0-LLL">
                                <rect key="frame" x="0.0" y="0.0" width="375" height="647"/>
                                <autoresizingMask key="autoresizingMask" widthSizable="YES" heightSizable="YES"/>
                                <color key="backgroundColor" systemColor="systemBackgroundColor" cocoaTouchSystemColor="whiteColor"/>
                                <inset key="scrollIndicatorInsets" minX="10" minY="0.0" maxX="10" maxY="0.0"/>
                                <collectionViewFlowLayout key="collectionViewLayout" minimumLineSpacing="10" minimumInteritemSpacing="0.0" sectionInsetReference="safeArea" id="Czk-E5-v9D">
                                    <size key="itemSize" width="150" height="150"/>
                                    <size key="estimatedItemSize" width="150" height="150"/>
                                    <size key="headerReferenceSize" width="0.0" height="0.0"/>
                                    <size key="footerReferenceSize" width="0.0" height="0.0"/>
                                    <inset key="sectionInset" minX="20" minY="20" maxX="20" maxY="0.0"/>
                                </collectionViewFlowLayout>
                                <cells>
                                    <collectionViewCell opaque="NO" clipsSubviews="YES" multipleTouchEnabled="YES" contentMode="center" reuseIdentifier="VideoCell" id="bSg-d3-hwH" customClass="ImagePickerCell" customModule="CameraProfile" customModuleProvider="target">
                                        <rect key="frame" x="20" y="20" width="150" height="150"/>
                                        <autoresizingMask key="autoresizingMask" flexibleMaxX="YES" flexibleMaxY="YES"/>
                                        <view key="contentView" opaque="NO" clipsSubviews="YES" multipleTouchEnabled="YES" contentMode="center" insetsLayoutMarginsFromSafeArea="NO">
                                            <rect key="frame" x="0.0" y="0.0" width="150" height="150"/>
                                            <autoresizingMask key="autoresizingMask"/>
                                            <subviews>
                                                <imageView clipsSubviews="YES" userInteractionEnabled="NO" contentMode="scaleToFill" horizontalHuggingPriority="251" verticalHuggingPriority="251" fixedFrame="YES" translatesAutoresizingMaskIntoConstraints="NO" id="c1M-qA-8HV">
                                                    <rect key="frame" x="0.0" y="0.0" width="150" height="150"/>
                                                    <autoresizingMask key="autoresizingMask"/>
                                                </imageView>
                                            </subviews>
                                        </view>
                                        <size key="customSize" width="150" height="150"/>
                                        <connections>
                                            <outlet property="thumbnail" destination="c1M-qA-8HV" id="L8R-We-D8O"/>
                                        </connections>
                                    </collectionViewCell>
                                </cells>
                            </collectionView>
                        </subviews>
                        <color key="backgroundColor" systemColor="systemBackgroundColor" cocoaTouchSystemColor="whiteColor"/>
                        <viewLayoutGuide key="safeArea" id="6Tk-OE-BBY"/>
                    </view>
                    <connections>
                        <outlet property="collectionview" destination="aeV-n0-LLL" id="yJc-du-F5w"/>
                    </connections>
                </viewController>
                <placeholder placeholderIdentifier="IBFirstResponder" id="dkx-z0-nzr" sceneMemberID="firstResponder"/>
            </objects>
            <point key="canvasLocation" x="309.60000000000002" y="127.28635682158921"/>
        </scene>
        <!--View Controller-->
        <scene sceneID="Wew-cd-5NJ">
            <objects>
                <viewController id="8WR-gD-YEf" sceneMemberID="viewController">
                    <view key="view" contentMode="scaleToFill" id="A0b-uO-4FN">
                        <rect key="frame" x="0.0" y="0.0" width="375" height="667"/>
                        <autoresizingMask key="autoresizingMask" widthSizable="YES" heightSizable="YES"/>
                        <subviews>
                            <button opaque="NO" contentMode="scaleToFill" fixedFrame="YES" contentHorizontalAlignment="center" contentVerticalAlignment="center" buttonType="roundedRect" lineBreakMode="middleTruncation" translatesAutoresizingMaskIntoConstraints="NO" id="19G-cn-oxA">
                                <rect key="frame" x="16" y="252" width="343" height="162"/>
                                <autoresizingMask key="autoresizingMask" flexibleMaxX="YES" flexibleMaxY="YES"/>
                                <fontDescription key="fontDescription" type="system" pointSize="38"/>
                                <state key="normal" title="Button"/>
                                <connections>
                                    <segue destination="BYZ-38-t0r" kind="presentation" id="OzK-qT-TIL"/>
                                </connections>
                            </button>
                        </subviews>
                        <color key="backgroundColor" systemColor="systemBackgroundColor" cocoaTouchSystemColor="whiteColor"/>
                        <viewLayoutGuide key="safeArea" id="a7c-Ha-vcT"/>
                    </view>
                </viewController>
                <placeholder placeholderIdentifier="IBFirstResponder" id="EcG-AG-B2z" userLabel="First Responder" customClass="UIResponder" sceneMemberID="firstResponder"/>
            </objects>
            <point key="canvasLocation" x="-591.20000000000005" y="128.18590704647679"/>
        </scene>
    </scenes>
</document>
